"Key","Injected Version","Opening Version","Fixed Version","Affected Version List"
"OPENJPA-42","0.9.0","0.9.6","0.9.6","0.9.0"
"OPENJPA-58","0.9.0","0.9.6","0.9.6","0.9.0"
"OPENJPA-59","0.9.0","0.9.6","0.9.6","0.9.0"
"OPENJPA-67","0.9.0","0.9.6","0.9.6","0.9.0"
"OPENJPA-68","0.9.0","0.9.6","0.9.6","0.9.0"
"OPENJPA-70","0.9.0","0.9.6","0.9.6","0.9.0"
"OPENJPA-74","0.9.0","0.9.6","0.9.6","0.9.0"
"OPENJPA-73","0.9.0","0.9.6","0.9.6","0.9.0"
"OPENJPA-76","0.9.0","0.9.6","0.9.6","0.9.0"
"OPENJPA-90","0.9.0","0.9.7","0.9.7","0.9.0 0.9.6"
"OPENJPA-77","0.9.0","0.9.6","0.9.7","0.9.0 0.9.6"
"OPENJPA-100","0.9.0","0.9.7","0.9.7","0.9.0 0.9.6"
"OPENJPA-104","0.9.0","0.9.7","0.9.7","0.9.0 0.9.6"
"OPENJPA-102","0.9.0","0.9.7","0.9.7","0.9.0 0.9.6"
"OPENJPA-103","0.9.0","0.9.7","0.9.7","0.9.0 0.9.6"
"OPENJPA-107","0.9.0","0.9.7","0.9.7","0.9.0 0.9.6"
"OPENJPA-109","0.9.0","0.9.7","0.9.7","0.9.0 0.9.6"
"OPENJPA-116","0.9.0","0.9.7","0.9.7","0.9.0 0.9.6"
"OPENJPA-118","0.9.0","0.9.7","0.9.7","0.9.0 0.9.6"
"OPENJPA-122","0.9.0","0.9.7","0.9.7","0.9.0 0.9.6"
"OPENJPA-115","0.9.0","0.9.7","0.9.7","0.9.0 0.9.6"
"OPENJPA-119","0.9.0","0.9.7","0.9.7","0.9.0 0.9.6"
"OPENJPA-98","0.9.0","0.9.7","0.9.7","0.9.0 0.9.6"
"OPENJPA-60","0.9.0","0.9.6","0.9.7","0.9.0 0.9.6"
"OPENJPA-133","0.9.0","0.9.7","0.9.7","0.9.0 0.9.6"
"OPENJPA-140","0.9.0","0.9.7","0.9.7","0.9.0 0.9.6"
"OPENJPA-144","0.9.0","0.9.7","0.9.7","0.9.0 0.9.6"
"OPENJPA-154","0.9.0","0.9.7","0.9.7","0.9.0 0.9.6"
"OPENJPA-155","0.9.0","0.9.7","0.9.7","0.9.0 0.9.6"
"OPENJPA-146","0.9.0","0.9.7","0.9.7","0.9.0 0.9.6"
"OPENJPA-150","0.9.0","0.9.7","0.9.7","0.9.0 0.9.6"
"OPENJPA-157","0.9.0","0.9.7","0.9.7","0.9.0 0.9.6"
"OPENJPA-139","0.9.0","0.9.7","0.9.7","0.9.0 0.9.6"
"OPENJPA-110","0.9.0","0.9.7","0.9.7","0.9.0 0.9.6"
"OPENJPA-62","0.9.0","0.9.6","0.9.7","0.9.0 0.9.6"
"OPENJPA-56","0.9.0","0.9.6","0.9.7","0.9.0 0.9.6"
"OPENJPA-54","0.9.0","0.9.6","0.9.7","0.9.0 0.9.6"
"OPENJPA-53","0.9.0","0.9.6","0.9.7","0.9.0 0.9.6"
"OPENJPA-50","0.9.0","0.9.6","0.9.7","0.9.0 0.9.6"
"OPENJPA-48","0.9.0","0.9.6","0.9.7","0.9.0 0.9.6"
"OPENJPA-41","0.9.0","0.9.6","0.9.7","0.9.0 0.9.6"
"OPENJPA-162","0.9.6","0.9.7","0.9.7","0.9.6"
"OPENJPA-80","0.9.0","0.9.6","0.9.7","0.9.0 0.9.6"
"OPENJPA-121","0.9.0","0.9.7","0.9.7","0.9.0 0.9.6"
"OPENJPA-71","0.9.0","0.9.6","0.9.7","0.9.0 0.9.6"
"OPENJPA-46","0.9.0","0.9.6","0.9.7","0.9.0 0.9.6"
"OPENJPA-142","0.9.0","0.9.7","0.9.7","0.9.0 0.9.6"
"OPENJPA-35","0.9.0","0.9.6","0.9.7","0.9.0 0.9.6"
"OPENJPA-174","0.9.6","0.9.7","0.9.7","0.9.6"
"OPENJPA-132","0.9.0","0.9.7","0.9.7","0.9.0 0.9.6"
"OPENJPA-175","0.9.0","0.9.7","0.9.7","0.9.0 0.9.6"
"OPENJPA-185","0.9.0","0.9.7","0.9.7","0.9.0 0.9.6"
"OPENJPA-179","0.9.6","0.9.7","0.9.7","0.9.6 0.9.7"
"OPENJPA-208","0.9.6","0.9.7","0.9.7","0.9.6"
"OPENJPA-134","0.9.0","0.9.7","0.9.7","0.9.0 0.9.6"
"OPENJPA-219","0.9.0","0.9.7","0.9.7","0.9.0 0.9.6 0.9.7"
"OPENJPA-228","0.9.6","0.9.7","0.9.7","0.9.6 0.9.7"
"OPENJPA-229","0.9.0","0.9.7","0.9.7","0.9.0 0.9.6 0.9.7"
"OPENJPA-173","0.9.6","0.9.7","1.0.0","0.9.6"
"OPENJPA-83","0.9.0","0.9.6","1.0.0","0.9.0 0.9.6 0.9.7"
"OPENJPA-233","0.9.7","1.0.0","1.0.0","0.9.7"
"OPENJPA-237","0.9.7","1.0.0","1.0.0","0.9.7"
"OPENJPA-148","0.9.6","0.9.7","1.0.0","0.9.6 0.9.7"
"OPENJPA-230","0.9.0","1.0.0","1.0.0","0.9.0 0.9.6 0.9.7"
"OPENJPA-248","0.9.7","1.0.0","1.0.0","0.9.7"
"OPENJPA-61","0.9.0","0.9.6","1.0.0","0.9.0 0.9.6 0.9.7"
"OPENJPA-269","0.9.6","1.0.0","1.0.0","0.9.6 0.9.7"
"OPENJPA-278","0.9.0","1.0.0","1.0.0","0.9.0 0.9.6 0.9.7"
"OPENJPA-274","0.9.0","1.0.0","1.0.0","0.9.0 0.9.6 0.9.7"
"OPENJPA-283","0.9.6","1.0.0","1.0.0","0.9.6 0.9.7"
"OPENJPA-287","0.9.7","1.0.0","1.0.0","0.9.7"
"OPENJPA-261","0.9.7","1.0.0","1.0.0","0.9.7"
"OPENJPA-296","0.9.0","1.0.0","1.0.0","0.9.0 0.9.6 0.9.7"
"OPENJPA-304","0.9.7","1.0.0","1.0.0","0.9.7"
"OPENJPA-177","0.9.6","0.9.7","1.0.0","0.9.6"
"OPENJPA-303","0.9.7","1.0.0","1.0.0","0.9.7 1.0.0"
"OPENJPA-281","0.9.7","1.0.0","1.0.0","0.9.7"
"OPENJPA-272","0.9.7","1.0.0","1.0.0","0.9.7"
"OPENJPA-308","0.9.0","1.0.0","1.0.0","0.9.0 0.9.6 0.9.7"
"OPENJPA-203","0.9.0","0.9.7","1.0.0","0.9.0 0.9.6"
"OPENJPA-295","0.9.6","1.0.0","1.0.0","0.9.6"
"OPENJPA-311","0.9.0","1.0.0","1.0.0","0.9.0 0.9.6 0.9.7 1.0.0"
"OPENJPA-313","0.9.6","1.0.0","1.0.0","0.9.6 0.9.7"
"OPENJPA-143","0.9.6","0.9.7","1.0.0","0.9.6 0.9.7"
"OPENJPA-320","0.9.7","1.0.0","1.0.0","0.9.7"
"OPENJPA-314","0.9.6","1.0.0","1.0.0","0.9.6 0.9.7"
"OPENJPA-321","0.9.7","1.0.0","1.0.0","0.9.7"
"OPENJPA-256","0.9.6","1.0.0","1.0.0","0.9.6 0.9.7"
"OPENJPA-325","0.9.0","1.0.0","1.0.0","0.9.0 0.9.6 0.9.7"
"OPENJPA-282","0.9.7","1.0.0","1.0.1","0.9.7 1.0.0"
"OPENJPA-315","0.9.7","1.0.0","1.0.1","0.9.7 1.0.0"
"OPENJPA-346","1.0.0","1.0.1","1.0.1","1.0.0"
"OPENJPA-347","1.0.0","1.0.1","1.0.1","1.0.0"
"OPENJPA-343","0.9.7","1.0.1","1.0.1","0.9.7 1.0.0"
"OPENJPA-355","1.0.0","1.0.1","1.0.1","1.0.0"
"OPENJPA-356","0.9.0","1.0.1","1.0.1","0.9.0 0.9.6 0.9.7 1.0.0"
"OPENJPA-363","0.9.0","1.0.1","1.0.1","0.9.0 0.9.6 0.9.7 1.0.0"
"OPENJPA-361","1.0.0","1.0.1","1.0.1","1.0.0"
"OPENJPA-339","0.9.7","1.0.0","1.0.1","0.9.7"
"OPENJPA-353","1.0.0","1.0.1","1.0.1","1.0.0"
"OPENJPA-360","1.0.0","1.0.1","1.0.1","1.0.0 1.0.1 1.1.0"
"OPENJPA-358","0.9.7","1.0.1","1.0.1","0.9.7 1.0.0"
"OPENJPA-357","0.9.7","1.0.1","1.0.1","0.9.7 1.0.0"
"OPENJPA-379","0.9.0","1.0.1","1.0.1","0.9.0 0.9.6 0.9.7 1.0.0"
"OPENJPA-380","0.9.0","1.0.1","1.0.1","0.9.0 0.9.6 0.9.7 1.0.0"
"OPENJPA-378","1.0.0","1.0.1","1.0.1","1.0.0 1.0.1 1.1.0"
"OPENJPA-375","1.0.0","1.0.1","1.0.1","1.0.0 1.0.1 1.1.0"
"OPENJPA-326","0.9.7","1.0.0","1.0.1","0.9.7"
"OPENJPA-385","1.0.0","1.0.1","1.0.1","1.0.0 1.0.1 1.1.0"
"OPENJPA-387","1.0.0","1.0.1","1.0.1","1.0.0"
"OPENJPA-389","1.0.0","1.0.1","1.0.1","1.0.0 1.0.1 1.1.0"
"OPENJPA-368","0.9.7","1.0.1","1.0.1","0.9.7 1.0.0"
"OPENJPA-395","1.0.0","1.0.1","1.0.1","1.0.0 1.0.1 1.1.0"
"OPENJPA-397","1.0.0","1.0.1","1.0.1","1.0.0"
"OPENJPA-396","1.0.0","1.0.1","1.0.1","1.0.0 1.0.1 1.1.0"
"OPENJPA-369","1.0.0","1.0.1","1.0.1","1.0.0"
"OPENJPA-405","0.9.7","1.0.1","1.0.1","0.9.7 1.0.0"
"OPENJPA-409","1.0.0","1.0.1","1.0.1","1.0.0 1.0.1 1.1.0"
"OPENJPA-416","0.9.6","1.0.1","1.0.1","0.9.6 0.9.7 1.0.0"
"OPENJPA-113","0.9.0","0.9.7","1.0.1","0.9.0 0.9.6 0.9.7 1.0.0"
"OPENJPA-422","1.0.0","1.0.1","1.0.1","1.0.0"
"OPENJPA-423","0.9.6","1.0.1","1.0.1","0.9.6 0.9.7 1.0.0"
"OPENJPA-421","1.0.0","1.0.1","1.0.1","1.0.0 1.0.1 1.1.0"
"OPENJPA-410","1.0.0","1.0.1","1.0.1","1.0.0 1.0.1 1.1.0"
"OPENJPA-413","1.0.0","1.0.1","1.0.1","1.0.0"
"OPENJPA-388","1.0.0","1.0.1","1.0.1","1.0.0"
"OPENJPA-367","1.0.0","1.0.1","1.0.1","1.0.0"
"OPENJPA-439","0.9.0","1.0.2","1.0.2","0.9.0 0.9.6 0.9.7 1.0.0 1.0.1 1.0.2 1.1.0"
"OPENJPA-427","1.0.0","1.0.1","1.0.2","1.0.0 1.1.0"
"OPENJPA-446","1.0.1","1.0.2","1.0.2","1.0.1"
"OPENJPA-440","1.0.0","1.0.2","1.0.2","1.0.0 1.1.0"
"OPENJPA-452","1.0.0","1.0.2","1.0.2","1.0.0 1.0.1"
"OPENJPA-471","1.0.1","1.0.2","1.0.2","1.0.1"
"OPENJPA-472","1.0.1","1.0.2","1.0.2","1.0.1"
"OPENJPA-489","1.0.0","1.0.2","1.0.2","1.0.0 1.0.1"
"OPENJPA-437","1.0.0","1.0.1","1.0.2","1.0.0 1.0.1 1.0.2 1.1.0"
"OPENJPA-245","0.9.6","1.0.0","1.0.2","0.9.6 0.9.7"
"OPENJPA-455","1.0.0","1.0.2","1.0.2","1.0.0 1.0.1"
"OPENJPA-329","0.9.6","1.0.0","1.0.2","0.9.6 0.9.7 1.0.0 1.0.1"
"OPENJPA-251","0.9.7","1.0.0","1.0.2","0.9.7"
"OPENJPA-331","0.9.7","1.0.0","1.0.2","0.9.7 1.0.0"
"OPENJPA-366","1.0.0","1.0.1","1.0.2","1.0.0"
"OPENJPA-258","0.9.6","1.0.0","1.0.2","0.9.6"
"OPENJPA-420","1.0.0","1.0.1","1.0.2","1.0.0"
"OPENJPA-508","1.0.0","1.0.2","1.0.2","1.0.0 1.0.1"
"OPENJPA-419","0.9.0","1.0.1","1.0.2","0.9.0 0.9.6 0.9.7 1.0.0"
"OPENJPA-401","1.0.0","1.0.1","1.0.2","1.0.0"
"OPENJPA-511","1.0.1","1.0.2","1.0.2","1.0.1"
"OPENJPA-516","1.0.0","1.0.2","1.0.2","1.0.0 1.0.1 1.0.2"
"OPENJPA-512","0.9.0","1.0.2","1.1.0","0.9.0 0.9.6 0.9.7 1.0.0 1.0.1"
"OPENJPA-518","1.0.1","1.0.2","1.1.0","1.0.1"
"OPENJPA-484","1.0.1","1.0.2","1.1.0","1.0.1 1.1.0"
"OPENJPA-359","1.0.0","1.0.1","1.1.0","1.0.0"
"OPENJPA-535","1.0.2","1.1.0","1.1.0","1.0.2"
"OPENJPA-537","1.0.0","1.1.0","1.1.0","1.0.0 1.0.1 1.0.2"
"OPENJPA-528","1.0.1","1.1.0","1.1.0","1.0.1 1.0.2"
"OPENJPA-543","1.0.0","1.1.0","1.1.0","1.0.0 1.0.1 1.0.2"
"OPENJPA-542","1.0.0","1.1.0","1.1.0","1.0.0 1.0.1 1.0.2"
"OPENJPA-540","1.0.0","1.1.0","1.1.0","1.0.0 1.0.1 1.0.2 1.0.3 1.1.0"
"OPENJPA-552","1.0.2","1.1.0","1.1.0","1.0.2 1.0.3 1.1.0"
"OPENJPA-554","1.0.2","1.1.0","1.1.0","1.0.2"
"OPENJPA-547","1.0.1","1.1.0","1.1.0","1.0.1 1.0.2"
"OPENJPA-565","1.0.2","1.1.0","1.1.0","1.0.2 1.0.3 1.1.0"
"OPENJPA-536","1.0.2","1.1.0","1.1.0","1.0.2 1.0.3"
"OPENJPA-567","1.0.2","1.1.0","1.1.0","1.0.2"
"OPENJPA-576","1.0.1","1.1.0","1.1.0","1.0.1 1.0.2"
"OPENJPA-392","0.9.0","1.0.1","1.1.0","0.9.0 0.9.6 0.9.7 1.0.0"
"OPENJPA-588","1.0.1","1.1.0","1.1.0","1.0.1 1.0.2"
"OPENJPA-590","1.0.1","1.1.0","1.1.0","1.0.1 1.0.2"
"OPENJPA-594","1.0.1","1.1.0","1.1.0","1.0.1 1.0.2"
"OPENJPA-255","0.9.7","1.0.0","1.1.0","0.9.7 1.0.0"
"OPENJPA-231","0.9.7","1.0.0","1.1.0","0.9.7"
"OPENJPA-589","1.0.1","1.1.0","1.1.0","1.0.1 1.0.2"
"OPENJPA-504","1.0.1","1.0.2","1.1.0","1.0.1 1.0.2"
"OPENJPA-605","1.0.1","1.1.0","1.1.0","1.0.1 1.0.2"
"OPENJPA-607","1.0.2","1.0.3","1.0.3","1.0.2 1.1.0"
"OPENJPA-596","1.0.2","1.1.0","1.0.3","1.0.2 1.1.0"
"OPENJPA-614","1.0.2","1.0.3","1.0.3","1.0.2 1.1.0"
"OPENJPA-612","1.0.2","1.0.3","1.0.3","1.0.2 1.1.0"
"OPENJPA-617","1.0.2","1.0.3","1.0.3","1.0.2 1.1.0"
"OPENJPA-618","1.1.0","1.0.3","1.0.3","1.1.0"
"OPENJPA-586","1.0.2","1.1.0","1.0.3","1.0.2 1.1.0"
"OPENJPA-630","1.0.2","1.0.3","1.0.3","1.0.2 1.1.0"
"OPENJPA-632","1.0.1","1.0.3","1.0.3","1.0.1 1.0.2"
"OPENJPA-527","1.0.2","1.1.0","1.0.3","1.0.2"
"OPENJPA-533","1.0.0","1.1.0","1.0.3","1.0.0"
"OPENJPA-112","0.9.0","0.9.7","1.0.3","0.9.0 0.9.6 0.9.7 1.0.0 1.0.1 1.0.2 1.1.0"
"OPENJPA-566","1.0.2","1.1.0","1.0.3","1.0.2"
"OPENJPA-495","1.0.0","1.0.2","1.0.3","1.0.0 1.0.1 1.0.2 1.1.0"
"OPENJPA-509","1.0.0","1.0.2","1.0.3","1.0.0 1.0.1 1.0.2 1.1.0"
"OPENJPA-524","1.0.2","1.1.0","1.0.3","1.0.2"
"OPENJPA-625","1.1.0","1.0.3","1.0.3","1.1.0"
"OPENJPA-642","1.0.2","1.0.3","1.0.3","1.0.2 1.1.0"
"OPENJPA-647","1.1.0","1.0.3","1.0.3","1.1.0"
"OPENJPA-657","1.0.2","1.0.3","1.0.3","1.0.2 1.1.0"
"OPENJPA-654","1.1.0","1.0.3","1.0.3","1.1.0"
"OPENJPA-659","1.1.0","1.0.3","1.0.3","1.1.0"
"OPENJPA-462","0.9.7","1.0.2","1.0.3","0.9.7"
"OPENJPA-458","1.0.1","1.0.2","1.0.3","1.0.1"
"OPENJPA-340","0.9.6","1.0.1","1.0.3","0.9.6 0.9.7 1.0.0 1.0.1 1.0.2 1.1.0"
"OPENJPA-349","1.0.0","1.0.1","1.0.3","1.0.0"
"OPENJPA-365","0.9.6","1.0.1","1.0.3","0.9.6 0.9.7 1.0.0 1.0.1 1.0.2 1.1.0"
"OPENJPA-286","0.9.7","1.0.0","1.0.3","0.9.7 1.0.0 1.1.0"
"OPENJPA-470","0.9.0","1.0.2","1.0.3","0.9.0 0.9.6 0.9.7 1.0.0 1.0.1"
"OPENJPA-494","1.0.0","1.0.2","1.0.3","1.0.0 1.0.1 1.1.0"
"OPENJPA-662","1.1.0","1.0.3","1.2.0","1.1.0 1.0.3"
"OPENJPA-664","1.1.0","1.2.0","1.2.0","1.1.0 1.0.3"
"OPENJPA-660","1.0.0","1.0.3","1.2.0","1.0.0 1.0.1 1.0.2 1.0.3 1.0.4 1.1.0 1.2.0"
"OPENJPA-619","1.1.0","1.0.3","1.2.0","1.1.0"
"OPENJPA-669","0.9.6","1.2.0","1.2.0","0.9.6 0.9.7 1.0.0 1.0.1 1.0.2 1.0.3 1.1.0"
"OPENJPA-44","0.9.0","0.9.6","1.2.0","0.9.0 0.9.6 0.9.7 1.0.0 1.0.1 1.0.2 1.1.0 1.0.3"
"OPENJPA-393","1.0.0","1.0.1","1.2.0","1.0.0"
"OPENJPA-485","0.9.7","1.0.2","1.2.0","0.9.7 1.0.0 1.0.1 1.0.2 1.1.0 1.0.3"
"OPENJPA-75","0.9.0","0.9.6","1.2.0","0.9.0 0.9.6 0.9.7 1.0.0 1.0.1 1.0.2 1.1.0 1.0.3"
"OPENJPA-424","1.0.0","1.0.1","1.2.0","1.0.0"
"OPENJPA-550","1.0.2","1.1.0","1.2.0","1.0.2"
"OPENJPA-497","1.0.1","1.0.2","1.2.0","1.0.1"
"OPENJPA-457","0.9.7","1.0.2","1.2.0","0.9.7 1.0.0 1.0.1"
"OPENJPA-438","1.0.0","1.0.2","1.2.0","1.0.0"
"OPENJPA-425","1.0.0","1.0.1","1.2.0","1.0.0"
"OPENJPA-434","1.0.0","1.0.1","1.2.0","1.0.0"
"OPENJPA-665","1.1.0","1.2.0","1.2.0","1.1.0 1.0.3"
"OPENJPA-628","1.1.0","1.0.3","1.2.0","1.1.0"
"OPENJPA-674","1.1.0","1.2.0","1.2.0","1.1.0 1.0.3"
"OPENJPA-678","1.1.0","1.2.0","2.0.0-M1","1.1.0"
"OPENJPA-700","1.0.3","2.0.0-M1","2.0.0-M1","1.0.3 1.2.0"
"OPENJPA-698","1.0.3","2.0.0-M1","2.0.0-M1","1.0.3 1.2.0"
"OPENJPA-692","1.0.3","1.2.0","2.0.0-M1","1.0.3 1.2.0"
"OPENJPA-693","1.0.3","2.0.0-M1","2.0.0-M1","1.0.3 1.2.0"
"OPENJPA-702","1.0.3","2.0.0-M1","2.0.0-M1","1.0.3 1.2.0"
"OPENJPA-705","1.0.3","2.0.0-M1","2.0.0-M1","1.0.3 1.2.0"
"OPENJPA-699","1.0.0","2.0.0-M1","2.0.0-M1","1.0.0"
"OPENJPA-710","1.0.0","2.0.0-M1","2.0.0-M1","1.0.0 1.0.1 1.0.2 1.0.3 1.0.4 1.1.0 1.2.0 1.2.1"
"OPENJPA-695","1.2.0","2.0.0-M1","2.0.0-M1","1.2.0"
"OPENJPA-711","1.2.0","2.0.0-M1","2.0.0-M1","1.2.0"
"OPENJPA-713","1.0.3","2.0.0-M1","2.0.0-M1","1.0.3 1.2.0"
"OPENJPA-727","1.0.3","2.0.0-M1","2.0.0-M1","1.0.3 1.2.0"
"OPENJPA-724","1.2.0","2.0.0-M1","2.0.0-M1","1.2.0"
"OPENJPA-650","1.0.2","1.0.3","2.0.0-M1","1.0.2 1.0.3 1.1.0 1.2.0"
"OPENJPA-715","1.0.0","2.0.0-M1","2.0.0-M1","1.0.0 1.1.0 1.2.0"
"OPENJPA-180","0.9.0","0.9.7","2.0.0-M1","0.9.0 0.9.6 0.9.7 1.0.0 1.1.0"
"OPENJPA-91","0.9.0","0.9.7","2.0.0-M1","0.9.0 0.9.6 0.9.7 1.0.0 1.0.1 1.0.2 1.1.0 1.0.3 1.2.0"
"OPENJPA-685","1.0.3","1.2.0","2.0.0-M1","1.0.3 1.2.0"
"OPENJPA-719","1.0.3","2.0.0-M1","2.0.0-M1","1.0.3 1.0.4 1.1.0 1.2.0 1.2.1"
"OPENJPA-731","1.2.0","2.0.0-M1","2.0.0-M1","1.2.0 1.2.1"
"OPENJPA-493","1.0.0","1.0.2","2.0.0-M1","1.0.0 1.0.1"
"OPENJPA-733","1.2.0","2.0.0-M1","2.0.0-M1","1.2.0"
"OPENJPA-743","1.2.0","2.0.0-M1","2.0.0-M1","1.2.0"
"OPENJPA-745","1.2.0","2.0.0-M1","2.0.0-M1","1.2.0"
"OPENJPA-750","1.0.3","2.0.0-M1","2.0.0-M1","1.0.3 1.2.0"
"OPENJPA-751","1.0.3","2.0.0-M1","2.0.0-M1","1.0.3 1.2.0"
"OPENJPA-762","1.2.0","2.0.0-M1","2.0.0-M1","1.2.0"
"OPENJPA-580","1.0.0","1.1.0","2.0.0-M1","1.0.0 1.0.1 1.0.2 1.1.0 1.0.3 1.2.0"
"OPENJPA-764","1.0.3","2.0.0-M1","2.0.0-M1","1.0.3 1.2.0"
"OPENJPA-755","1.0.3","2.0.0-M1","2.0.0-M1","1.0.3 1.2.0"
"OPENJPA-815","1.0.3","2.0.0-M1","2.0.0-M1","1.0.3 1.2.0"
"OPENJPA-795","1.2.0","2.0.0-M1","2.0.0-M1","1.2.0"
"OPENJPA-824","1.0.3","2.0.0-M1","2.0.0-M1","1.0.3 1.2.0"
"OPENJPA-777","1.2.0","2.0.0-M1","2.0.0-M1","1.2.0 1.2.1 2.0.0-M2"
"OPENJPA-835","1.2.0","2.0.0-M1","2.0.0-M1","1.2.0 1.2.1 2.0.0-M2"
"OPENJPA-557","1.0.2","1.1.0","2.0.0-M1","1.0.2"
"OPENJPA-853","1.2.0","2.0.0-M1","2.0.0-M1","1.2.0"
"OPENJPA-836","1.2.0","2.0.0-M1","2.0.0-M1","1.2.0"
"OPENJPA-864","1.0.3","2.0.0-M1","2.0.0-M1","1.0.3 1.2.0"
"OPENJPA-863","1.2.0","2.0.0-M1","2.0.0-M1","1.2.0 2.0.0-M2"
"OPENJPA-860","1.2.0","2.0.0-M1","2.0.0-M1","1.2.0"
"OPENJPA-872","1.2.0","2.0.0-M1","2.0.0-M1","1.2.0"
"OPENJPA-838","1.2.0","2.0.0-M1","1.2.1","1.2.0"
"OPENJPA-873","1.2.0","2.0.0-M1","1.2.1","1.2.0"
"OPENJPA-917","1.2.0","1.2.1","1.2.1","1.2.0"
"OPENJPA-925","1.2.0","1.2.1","1.2.1","1.2.0 1.2.1 2.0.0-M1 2.0.0-M2"
"OPENJPA-912","1.2.0","1.2.1","1.2.1","1.2.0 1.2.1 2.0.0-M1 2.0.0-M2"
"OPENJPA-845","1.2.0","2.0.0-M1","1.2.1","1.2.0 2.0.0-M1"
"OPENJPA-884","1.2.0","1.2.1","1.2.1","1.2.0 1.2.1 2.0.0-M1 2.0.0-M2"
"OPENJPA-898","1.2.0","1.2.1","1.2.1","1.2.0"
"OPENJPA-916","1.1.0","1.2.1","1.2.1","1.1.0 1.2.0 2.0.0-M2"
"OPENJPA-955","1.2.0","1.2.1","1.2.1","1.2.0"
"OPENJPA-866","1.2.0","2.0.0-M1","1.2.1","1.2.0 2.0.0-M2"
"OPENJPA-913","1.2.0","1.2.1","1.2.1","1.2.0"
"OPENJPA-811","1.2.0","2.0.0-M1","1.2.1","1.2.0 2.0.0-M2"
"OPENJPA-970","1.2.0","1.2.1","1.2.1","1.2.0"
"OPENJPA-981","2.0.0-M1","1.2.1","2.0.0-M2","2.0.0-M1 1.2.1"
"OPENJPA-896","1.0.3","1.2.1","2.0.0-M2","1.0.3 1.1.0 1.2.0"
"OPENJPA-679","1.0.2","1.2.0","2.0.0-M2","1.0.2 1.1.0 1.0.3 1.2.0 2.0.0-M1 1.2.1"
"OPENJPA-354","0.9.0","1.0.1","2.0.0-M2","0.9.0 0.9.6 0.9.7 1.0.0"
"OPENJPA-887","2.0.0-M1","1.2.1","2.0.0-M2","2.0.0-M1 2.0.0-M2"
"OPENJPA-573","1.0.2","1.1.0","2.0.0-M2","1.0.2 1.1.0"
"OPENJPA-947","1.0.3","1.2.1","2.0.0-M2","1.0.3 1.1.0 1.2.0"
"OPENJPA-883","1.2.0","1.2.1","2.0.0-M2","1.2.0 1.2.1 2.0.0-M1 2.0.0-M2"
"OPENJPA-218","0.9.6","0.9.7","2.0.0-M2","0.9.6 0.9.7"
"OPENJPA-1006","1.2.1","2.0.0-M2","2.0.0-M2","1.2.1 2.0.0-M2"
"OPENJPA-933","1.2.0","1.2.1","2.0.0-M2","1.2.0 2.0.0-M2"
"OPENJPA-1025","1.2.1","2.0.0-M2","2.0.0-M2","1.2.1 2.0.0-M2"
"OPENJPA-207","0.9.6","0.9.7","2.0.0-M2","0.9.6"
"OPENJPA-862","1.2.0","2.0.0-M1","2.0.0-M2","1.2.0"
"OPENJPA-1031","2.0.0-M1","2.0.0-M2","2.0.0-M2","2.0.0-M1 1.2.1"
"OPENJPA-1039","2.0.0-M1","2.0.0-M2","2.0.0-M2","2.0.0-M1 1.2.1"
"OPENJPA-1070","1.2.1","2.0.0-M2","2.0.0-M2","1.2.1 2.0.0-M2"
"OPENJPA-1051","1.0.0","2.0.0-M2","2.0.0-M2","1.0.0 2.0.0-M2"
"OPENJPA-1099","1.1.0","2.0.0-M2","2.0.0-M2","1.1.0 1.2.0 1.2.1"
"OPENJPA-1067","1.0.3","2.0.0-M2","2.0.0-M2","1.0.3 1.2.1 2.0.0-M2"
"OPENJPA-1054","2.0.0-M1","2.0.0-M2","2.0.0-M2","2.0.0-M1 1.2.1"
"OPENJPA-1127","1.2.1","2.0.0-M3","2.0.0-M3","1.2.1 2.0.0"
"OPENJPA-932","1.2.0","1.2.1","2.0.0-M3","1.2.0 2.0.0-M1 2.0.0-M2"
"OPENJPA-1061","1.2.0","2.0.0-M2","2.0.0-M3","1.2.0 1.2.1"
"OPENJPA-1168","1.2.1","2.0.0-M3","2.0.0-M3","1.2.1 2.0.0-M2"
"OPENJPA-1197","1.0.3","2.0.0-M3","2.0.0-M3","1.0.3 1.2.1"
"OPENJPA-1204","1.2.1","2.0.0-M3","2.0.0-M3","1.2.1 2.0.0-M2"
"OPENJPA-890","1.0.3","1.2.1","2.0.0-M3","1.0.3 1.1.0 1.2.0 2.0.0-M1 2.0.0-M2"
"OPENJPA-1211","2.0.0-M2","2.0.0-M3","2.0.0-M3","2.0.0-M2"
"OPENJPA-1218","2.0.0-M1","2.0.0-M3","2.0.0-M3","2.0.0-M1 2.0.0-M2 2.0.0"
"OPENJPA-1206","2.0.0-M2","2.0.0-M3","2.0.0-M3","2.0.0-M2 2.0.0"
"OPENJPA-1163","1.2.1","2.0.0-M3","2.0.0-M3","1.2.1 2.0.0-M2"
"OPENJPA-1232","2.0.0-M2","2.0.0-M3","2.0.0-M3","2.0.0-M2"
"OPENJPA-1244","1.0.3","2.0.0-M3","2.0.0-M3","1.0.3"
"OPENJPA-1242","2.0.0-M2","2.0.0-M3","2.0.0-M3","2.0.0-M2"
"OPENJPA-973","1.2.0","1.2.1","2.0.0-M3","1.2.0 2.0.0-M1 1.2.1 2.0.0-M2"
"OPENJPA-1250","2.0.0-M2","2.0.0-M3","2.0.0-M3","2.0.0-M2"
"OPENJPA-1256","2.0.0-M2","2.0.0-M3","2.0.0-M3","2.0.0-M2"
"OPENJPA-1200","2.0.0-M2","2.0.0-M3","2.0.0-M3","2.0.0-M2"
"OPENJPA-386","0.9.7","1.0.1","2.0.0-M3","0.9.7 1.0.0 1.0.2 1.1.0 1.2.1"
"OPENJPA-1217","2.0.0-M2","2.0.0-M3","2.0.0-M3","2.0.0-M2"
"OPENJPA-1159","2.0.0-M2","2.0.0-M3","2.0.0-M3","2.0.0-M2"
"OPENJPA-1100","1.2.1","2.0.0-M2","2.0.0-M3","1.2.1 2.0.0-M2"
"OPENJPA-1049","1.2.1","2.0.0-M2","2.0.0-M3","1.2.1 2.0.0-M2"
"OPENJPA-1043","1.2.1","2.0.0-M2","2.0.0-M3","1.2.1 2.0.0-M2"
"OPENJPA-1269","2.0.0-M2","2.0.0-M3","2.0.0-M3","2.0.0-M2"
"OPENJPA-1281","2.0.0-M2","2.0.0-M3","2.0.0-M3","2.0.0-M2"
"OPENJPA-1283","2.0.0-M2","2.0.0-M3","2.0.0-M3","2.0.0-M2"
"OPENJPA-1286","2.0.0-M2","2.0.0-M3","2.0.0-M3","2.0.0-M2"
"OPENJPA-1184","1.2.1","2.0.0-M3","2.0.0-M3","1.2.1"
"OPENJPA-1295","1.0.3","2.0.0-M3","2.0.0-M3","1.0.3 1.1.0 1.2.1 2.0.0-M2"
"OPENJPA-1201","1.2.0","2.0.0-M3","2.0.0-M3","1.2.0 1.2.1"
"OPENJPA-1227","1.2.1","2.0.0-M3","2.0.0-M3","1.2.1"
"OPENJPA-1120","1.0.3","2.0.0-M3","2.0.0-M3","1.0.3 1.1.0 1.2.1 2.0.0"
"OPENJPA-1302","1.0.3","2.0.0-M3","2.0.0-M3","1.0.3 1.1.0 1.2.1 2.0.0-M2"
"OPENJPA-1002","1.1.0","2.0.0-M2","2.0.0-M3","1.1.0 1.2.1 2.0.0-M2"
"OPENJPA-1279","2.0.0-M2","2.0.0-M3","2.0.0-M3","2.0.0-M2"
"OPENJPA-1116","2.0.0-M2","2.0.0-M3","2.0.0-M3","2.0.0-M2"
"OPENJPA-525","1.0.0","1.1.0","2.0.0-M3","1.0.0 1.0.2 1.1.0 1.2.1 2.0.0"
"OPENJPA-1253","2.0.0-M1","2.0.0-M3","2.0.0-M3","2.0.0-M1 2.0.0-M2 2.0.0-M3"
"OPENJPA-1284","1.0.3","2.0.0-M3","2.0.0-M3","1.0.3 1.1.0 1.2.1 2.0.0-M3"
"OPENJPA-1321","1.2.1","2.0.0-M3","2.0.0-M3","1.2.1"
"OPENJPA-1344","2.0.0-M2","1.2.2","1.2.2","2.0.0-M2 2.0.0-M3"
"OPENJPA-1351","2.0.0-M3","1.2.2","1.2.2","2.0.0-M3"
"OPENJPA-1352","2.0.0-M3","1.2.2","1.2.2","2.0.0-M3"
"OPENJPA-1165","1.2.1","2.0.0-M3","1.2.2","1.2.1"
"OPENJPA-1308","1.0.3","2.0.0-M3","1.2.2","1.0.3 1.2.1 2.0.0-M2 2.0.0-M3"
"OPENJPA-466","1.0.0","1.0.2","1.2.2","1.0.0 1.0.1 1.1.0 1.2.0"
"OPENJPA-1370","2.0.0-M3","1.2.2","1.2.2","2.0.0-M3"
"OPENJPA-1375","2.0.0-M3","1.2.2","1.2.2","2.0.0-M3"
"OPENJPA-1379","2.0.0-M3","1.2.2","1.2.2","2.0.0-M3"
"OPENJPA-1354","1.2.1","1.2.2","1.2.2","1.2.1 2.0.0-M2 2.0.0-M3"
"OPENJPA-459","1.0.0","1.0.2","1.2.2","1.0.0"
"OPENJPA-1046","1.2.0","2.0.0-M2","1.2.2","1.2.0 2.0.0-M1 1.2.1 2.0.0-M2 2.0.0-M3"
"OPENJPA-123","0.9.0","0.9.7","1.2.2","0.9.0 0.9.6 0.9.7 1.0.0 1.0.1 1.0.2 1.1.0 1.0.3 1.2.0 2.0.0-M1 1.2.1 2.0.0-M2 2.0.0-M3"
"OPENJPA-1380","1.2.1","1.2.2","1.2.2","1.2.1"
"OPENJPA-1385","2.0.0-M3","1.2.2","1.2.2","2.0.0-M3"
"OPENJPA-1328","1.2.0","2.0.0-M3","1.2.2","1.2.0 1.2.1"
"OPENJPA-1383","2.0.0-M2","1.2.2","1.2.2","2.0.0-M2"
"OPENJPA-1386","2.0.0-M3","1.2.2","1.2.2","2.0.0-M3"
"OPENJPA-1388","1.2.1","1.2.2","1.2.2","1.2.1 2.0.0-M2 2.0.0-M3"
"OPENJPA-1396","2.0.0-M3","1.2.2","1.2.2","2.0.0-M3"
"OPENJPA-1377","2.0.0-M3","1.2.2","1.2.2","2.0.0-M3"
"OPENJPA-1394","2.0.0-M3","1.2.2","1.2.2","2.0.0-M3"
"OPENJPA-1393","2.0.0-M3","1.2.2","1.2.2","2.0.0-M3"
"OPENJPA-1392","2.0.0-M3","1.2.2","1.2.2","2.0.0-M3"
"OPENJPA-1391","2.0.0-M3","1.2.2","1.2.2","2.0.0-M3"
"OPENJPA-1390","2.0.0-M3","1.2.2","1.2.2","2.0.0-M3"
"OPENJPA-1413","2.0.0-M3","1.2.2","1.2.2","2.0.0-M3"
"OPENJPA-1400","1.2.1","1.2.2","1.2.2","1.2.1 2.0.0-M3"
"OPENJPA-1326","1.2.1","2.0.0-M3","1.2.2","1.2.1"
"OPENJPA-1263","1.1.0","2.0.0-M3","1.2.2","1.1.0 1.2.0 1.2.1"
"OPENJPA-1431","2.0.0-M3","1.2.2","1.2.2","2.0.0-M3"
"OPENJPA-1407","1.1.0","1.2.2","1.2.2","1.1.0"
"OPENJPA-1435","2.0.0-M3","1.2.2","1.2.2","2.0.0-M3"
"OPENJPA-1397","1.2.1","1.2.2","1.2.2","1.2.1 2.0.0-M3"
"OPENJPA-1401","2.0.0-M3","1.2.2","1.2.2","2.0.0-M3"
"OPENJPA-993","1.2.0","2.0.0-M2","1.2.2","1.2.0 1.2.1"
"OPENJPA-1224","1.2.1","2.0.0-M3","1.2.2","1.2.1"
"OPENJPA-1442","2.0.0-M3","1.2.2","1.2.2","2.0.0-M3"
"OPENJPA-1384","1.2.1","1.2.2","1.2.2","1.2.1"
"OPENJPA-1141","1.2.0","2.0.0-M3","1.2.2","1.2.0"
"OPENJPA-1452","2.0.0-M3","1.2.2","1.2.2","2.0.0-M3"
"OPENJPA-714","1.1.0","2.0.0-M1","1.2.2","1.1.0 1.2.0"
"OPENJPA-1461","2.0.0-M3","1.2.2","1.2.2","2.0.0-M3"
"OPENJPA-1463","1.2.1","1.2.2","1.2.2","1.2.1 2.0.0-M2 2.0.0-M3"
"OPENJPA-1409","2.0.0-M2","1.2.2","2.0.0-beta","2.0.0-M2 2.0.0-M3 1.2.2"
"OPENJPA-1467","2.0.0-M1","2.0.0-beta","2.0.0-beta","2.0.0-M1 2.0.0-M2 2.0.0-M3"
"OPENJPA-1464","2.0.0-M2","1.2.2","2.0.0-beta","2.0.0-M2 2.0.0-M3 1.2.2"
"OPENJPA-1425","2.0.0-M2","1.2.2","2.0.0-beta","2.0.0-M2 2.0.0-M3 1.2.2"
"OPENJPA-748","1.2.0","2.0.0-M1","2.0.0-beta","1.2.0"
"OPENJPA-944","1.0.0","1.2.1","2.0.0-beta","1.0.0 1.0.1 1.0.2 1.0.3 1.1.0 1.2.0"
"OPENJPA-1478","2.0.0-M3","2.0.0-beta","2.0.0-beta","2.0.0-M3"
"OPENJPA-1494","2.0.0-beta","2.0.0-beta2","2.0.0-beta2","2.0.0-beta"
"OPENJPA-1367","1.2.1","1.2.2","2.0.0-beta2","1.2.1 2.0.0-M1 2.0.0-M2 2.0.0-M3 2.0.0-beta"
"OPENJPA-1496","2.0.0-beta","2.0.0-beta2","2.0.0-beta2","2.0.0-beta"
"OPENJPA-1504","2.0.0-beta","2.0.0-beta2","2.0.0-beta2","2.0.0-beta"
"OPENJPA-1001","1.2.1","2.0.0-M2","2.0.0-beta2","1.2.1"
"OPENJPA-1507","2.0.0-beta","2.0.0-beta2","2.0.0-beta2","2.0.0-beta"
"OPENJPA-1509","2.0.0-M3","2.0.0-beta2","2.0.0-beta2","2.0.0-M3 2.0.0-beta"
"OPENJPA-1515","2.0.0-beta","2.0.0-beta2","2.0.0-beta2","2.0.0-beta"
"OPENJPA-1533","2.0.0-beta","2.0.0-beta2","2.0.0-beta2","2.0.0-beta"
"OPENJPA-1536","2.0.0-beta","2.0.0-beta2","2.0.0-beta2","2.0.0-beta 2.0.0-beta2"
"OPENJPA-1535","1.0.3","2.0.0-beta2","2.0.0-beta2","1.0.3 1.1.0 1.2.2 2.0.0-beta"
"OPENJPA-1350","1.0.3","1.2.2","2.0.0-beta2","1.0.3 1.2.1 2.0.0-M3"
"OPENJPA-1542","2.0.0-beta","2.0.0-beta2","2.0.0-beta2","2.0.0-beta"
"OPENJPA-1544","2.0.0-beta2","2.0.0-beta3","2.0.0-beta3","2.0.0-beta2"
"OPENJPA-1546","2.0.0-beta2","2.0.0-beta3","2.0.0-beta3","2.0.0-beta2"
"OPENJPA-774","1.1.0","2.0.0-M1","2.0.0-beta3","1.1.0 1.2.0 2.0.0-M2"
"OPENJPA-1500","1.0.3","2.0.0-beta2","2.0.0-beta3","1.0.3 1.2.2"
"OPENJPA-1234","1.0.3","2.0.0-M3","2.0.0-beta3","1.0.3 1.2.0 2.0.0-M1 1.2.1 2.0.0-M2 2.0.0-M3 1.2.2 2.0.0-beta 2.0.0-beta2"
"OPENJPA-1482","1.2.2","2.0.0-beta","2.0.0-beta3","1.2.2 2.0.0-M3 2.0.0-beta"
"OPENJPA-844","0.9.6","2.0.0-M1","2.0.0-beta3","0.9.6 0.9.7 1.0.0 1.0.1 1.0.2 1.1.0 1.0.3 1.2.0 2.0.0-M1 1.2.1 2.0.0-M2 2.0.0-M3 1.2.2 2.0.0-beta 2.0.0-beta2"
"OPENJPA-1121","1.2.1","2.0.0-M3","2.0.0-beta3","1.2.1"
"OPENJPA-740","1.2.0","2.0.0-M1","2.0.0-beta3","1.2.0 1.2.1 1.2.2 2.0.0-M3 2.0.0-beta 2.0.0-beta2"
"OPENJPA-1020","1.2.1","2.0.0-M2","2.0.0-beta3","1.2.1 2.0.0-M2"
"OPENJPA-1432","2.0.0-M3","1.2.2","2.0.0-beta3","2.0.0-M3"
"OPENJPA-1460","2.0.0-M3","1.2.2","2.0.0-beta3","2.0.0-M3 2.0.0-beta"
"OPENJPA-1518","2.0.0-beta","2.0.0-beta2","2.0.0-beta3","2.0.0-beta"
"OPENJPA-1547","1.2.2","2.0.0-beta3","2.0.0-beta3","1.2.2 2.0.0-beta2 2.0.0"
"OPENJPA-1486","2.0.0-beta","2.0.0-beta2","2.0.0-beta3","2.0.0-beta 2.0.0-beta2"
"OPENJPA-1458","2.0.0-M3","1.2.2","2.0.0-beta3","2.0.0-M3"
"OPENJPA-1556","2.0.0-beta2","2.0.0-beta3","2.0.0-beta3","2.0.0-beta2"
"OPENJPA-1491","2.0.0-beta","2.0.0-beta2","2.0.0-beta3","2.0.0-beta"
"OPENJPA-1575","2.0.0-beta2","2.0.0-beta3","2.0.0-beta3","2.0.0-beta2"
"OPENJPA-1503","1.2.2","2.0.0-beta2","2.0.0-beta3","1.2.2 2.0.0-beta 2.0.0-beta2"
"OPENJPA-1477","2.0.0-M2","2.0.0-beta","2.0.0-beta3","2.0.0-M2 2.0.0-M3 1.2.2 2.0.0-beta 2.0.0-beta2"
"OPENJPA-935","1.2.0","1.2.1","2.0.0-beta3","1.2.0"
"OPENJPA-1573","2.0.0-beta2","2.0.0-beta3","2.0.0-beta3","2.0.0-beta2"
"OPENJPA-1570","2.0.0-beta2","2.0.0-beta3","2.0.0-beta3","2.0.0-beta2"
"OPENJPA-1580","2.0.0-beta2","2.0.0-beta3","2.0.0-beta3","2.0.0-beta2"
"OPENJPA-1571","2.0.0-beta2","2.0.0-beta3","2.0.0-beta3","2.0.0-beta2"
"OPENJPA-1248","1.1.0","2.0.0-M3","2.0.0-beta3","1.1.0 1.2.0 1.2.1 1.2.2"
"OPENJPA-1410","2.0.0-M3","1.2.2","2.0.0-beta3","2.0.0-M3 2.0.0-beta 2.0.0-beta2"
"OPENJPA-1581","1.2.2","2.0.0-beta3","2.0.0-beta3","1.2.2 2.0.0-beta 2.0.0-beta2"
"OPENJPA-1578","2.0.0-beta2","2.0.0-beta3","2.0.0-beta3","2.0.0-beta2"
"OPENJPA-1577","2.0.0-beta2","2.0.0-beta3","2.0.0-beta3","2.0.0-beta2"
"OPENJPA-1524","2.0.0-beta","2.0.0-beta2","2.0.0-beta3","2.0.0-beta"
"OPENJPA-1565","2.0.0-M1","2.0.0-beta3","2.0.0-beta3","2.0.0-M1 2.0.0-M2 2.0.0-M3 2.0.0-beta 2.0.0-beta2"
"OPENJPA-1205","1.2.1","2.0.0-M3","2.0.0-beta3","1.2.1"
"OPENJPA-1596","2.0.0-beta2","2.0.0-beta3","2.0.0-beta3","2.0.0-beta2"
"OPENJPA-1562","2.0.0-beta2","2.0.0-beta3","2.0.0-beta3","2.0.0-beta2"
"OPENJPA-1335","2.0.0-M2","2.0.0-M3","2.0.0-beta3","2.0.0-M2"
"OPENJPA-1371","2.0.0-M3","1.2.2","2.0.0-beta3","2.0.0-M3"
"OPENJPA-1550","1.2.2","2.0.0-beta3","2.0.0-beta3","1.2.2 2.0.0-beta2"
"OPENJPA-1510","2.0.0-beta","2.0.0-beta2","2.0.0","2.0.0-beta"
"OPENJPA-1618","2.0.0-beta3","2.0.0","2.0.0","2.0.0-beta3"
"OPENJPA-1599","2.0.0-beta2","2.0.0-beta3","2.0.0","2.0.0-beta2 2.0.0-beta3 2.0.0"
"OPENJPA-1631","1.2.2","2.0.0","2.0.0","1.2.2 2.0.0-beta3"
"OPENJPA-1630","1.2.2","2.0.0","2.0.0","1.2.2 2.0.0-beta3 2.0.0 2.0.1 2.1.0"
"OPENJPA-1091","1.2.1","2.0.0-M2","2.0.0","1.2.1 2.0.0-M2"
"OPENJPA-1605","2.0.0-beta3","2.0.0","2.0.0","2.0.0-beta3"
"OPENJPA-1646","1.2.2","2.0.1","2.0.1","1.2.2 2.0.0"
"OPENJPA-1424","1.2.1","1.2.2","2.0.1","1.2.1"
"OPENJPA-1670","1.2.2","2.0.1","2.0.1","1.2.2 2.0.0"
"OPENJPA-1495","2.0.0-M2","2.0.0-beta2","2.0.1","2.0.0-M2 2.0.0-M3 1.2.2 2.0.0-beta 2.0.0-beta2 2.0.0-beta3 2.0.0"
"OPENJPA-1667","2.0.0","2.0.1","2.0.1","2.0.0"
"OPENJPA-1679","2.0.0","2.0.1","2.0.1","2.0.0"
"OPENJPA-1685","2.0.0","2.0.1","2.0.1","2.0.0"
"OPENJPA-1690","2.0.0","2.0.1","2.0.1","2.0.0"
"OPENJPA-1641","2.0.0-beta2","2.0.1","2.0.1","2.0.0-beta2 2.0.0-beta3 2.0.0"
"OPENJPA-1695","1.1.0","2.0.1","2.0.1","1.1.0 2.0.0 2.1.0"
"OPENJPA-1689","2.0.0","2.0.1","2.0.1","2.0.0"
"OPENJPA-1718","2.0.0","2.0.1","2.0.1","2.0.0"
"OPENJPA-1676","2.0.0","2.0.1","2.0.1","2.0.0 2.1.0"
"OPENJPA-1626","1.1.0","2.0.0","2.0.1","1.1.0"
"OPENJPA-1501","1.2.2","2.0.0-beta2","2.0.1","1.2.2 2.0.0"
"OPENJPA-1678","1.0.3","2.0.1","2.0.1","1.0.3 1.1.0 1.2.2 2.0.0 2.1.0"
"OPENJPA-640","1.0.2","1.0.3","2.0.1","1.0.2 1.1.0 1.2.0"
"OPENJPA-1704","1.2.2","2.0.1","2.0.1","1.2.2 2.0.0 2.1.0"
"OPENJPA-1737","2.0.0","2.0.1","2.0.1","2.0.0"
"OPENJPA-1742","2.0.0","2.0.1","2.0.1","2.0.0"
"OPENJPA-1738","2.0.0","2.0.1","2.0.1","2.0.0 2.0.1 2.1.0"
"OPENJPA-1696","2.0.0","2.0.1","2.0.1","2.0.0"
"OPENJPA-1719","2.0.0","2.0.1","2.0.1","2.0.0"
"OPENJPA-1749","2.0.0","2.0.1","2.0.1","2.0.0"
"OPENJPA-1756","2.0.0-beta2","2.0.1","2.0.1","2.0.0-beta2 2.0.0-beta3 2.0.0"
"OPENJPA-1757","2.0.0","2.0.1","2.0.1","2.0.0 2.1.0"
"OPENJPA-1727","2.0.0","2.0.1","2.0.1","2.0.0 2.1.0"
"OPENJPA-1713","1.1.0","2.0.1","2.0.1","1.1.0 1.2.2 2.0.0"
"OPENJPA-1668","1.0.3","2.0.1","2.0.1","1.0.3 1.2.2 2.0.0"
"OPENJPA-1722","2.0.0","2.0.1","2.0.1","2.0.0"
"OPENJPA-1714","2.0.0","2.0.1","2.0.1","2.0.0"
"OPENJPA-1769","2.0.0","2.0.1","2.0.1","2.0.0 2.1.0"
"OPENJPA-1770","2.0.0","2.0.1","2.0.1","2.0.0 2.1.0"
"OPENJPA-1736","2.0.0","2.0.1","2.0.1","2.0.0"
"OPENJPA-1372","1.2.1","1.2.2","2.1.0","1.2.1 2.0.0-M3"
"OPENJPA-1784","2.0.1","2.1.0","2.1.0","2.0.1"
"OPENJPA-1788","2.0.0","2.1.0","2.1.0","2.0.0 2.0.1"
"OPENJPA-1765","2.0.0","2.0.1","2.1.0","2.0.0 2.1.0"
"OPENJPA-526","1.0.0","1.1.0","2.1.0","1.0.0 1.0.2 1.1.0 1.2.0"
"OPENJPA-1809","2.0.0","2.1.0","2.1.0","2.0.0 2.0.1 2.1.0"
"OPENJPA-1800","2.0.0","2.1.0","2.1.0","2.0.0"
"OPENJPA-1811","2.0.0","2.1.0","2.1.0","2.0.0"
"OPENJPA-1790","2.0.1","2.1.0","2.1.0","2.0.1"
"OPENJPA-1801","2.0.1","2.1.0","2.1.0","2.0.1 2.1.0"
"OPENJPA-1692","2.0.0","2.0.1","2.1.0","2.0.0 2.1.0"
"OPENJPA-1830","2.0.0","2.1.0","2.1.0","2.0.0"
"OPENJPA-1743","1.2.2","2.0.1","2.1.0","1.2.2 2.0.0 2.1.0"
"OPENJPA-1831","2.0.0","2.1.0","2.1.0","2.0.0"
"OPENJPA-1837","2.0.1","2.1.0","2.1.0","2.0.1"
"OPENJPA-1808","2.0.1","2.1.0","2.1.0","2.0.1"
"OPENJPA-1454","2.0.0-M3","1.2.2","2.1.0","2.0.0-M3"
"OPENJPA-1853","2.0.0","2.1.0","2.1.0","2.0.0 2.0.1"
"OPENJPA-1810","2.0.1","2.1.0","2.1.0","2.0.1 2.1.0"
"OPENJPA-1870","2.0.0","2.1.0","2.1.0","2.0.0 2.0.1 1.0.4"
"OPENJPA-1877","2.0.1","2.1.0","2.1.0","2.0.1"
"OPENJPA-1874","1.2.2","2.1.0","2.1.0","1.2.2 2.0.0 2.0.1"
"OPENJPA-1892","2.0.0","2.1.0","2.1.0","2.0.0 2.1.0"
"OPENJPA-1866","2.0.1","2.1.0","2.1.0","2.0.1 2.1.0"
"OPENJPA-1893","2.0.1","2.1.0","2.1.0","2.0.1"
"OPENJPA-1897","2.0.1","2.1.0","2.1.0","2.0.1"
"OPENJPA-1902","2.0.0","2.1.0","2.1.0","2.0.0 2.0.1 1.0.4"
"OPENJPA-1898","2.0.1","2.1.0","2.1.0","2.0.1"
"OPENJPA-1900","2.0.1","2.1.0","2.1.0","2.0.1 2.1.0 2.2.0"
"OPENJPA-1918","2.0.1","2.1.0","2.1.0","2.0.1 2.1.0 2.2.0"
"OPENJPA-1909","2.0.0","2.1.0","2.1.0","2.0.0 2.0.1 2.1.0"
"OPENJPA-1856","2.0.0","2.1.0","2.1.0","2.0.0 2.1.0 2.2.0"
"OPENJPA-1896","2.0.1","2.1.0","2.1.0","2.0.1 2.1.0 2.2.0"
"OPENJPA-1910","2.0.1","2.1.0","2.1.0","2.0.1 2.1.0 2.2.0"
"OPENJPA-1613","2.0.0-beta2","2.0.0","2.1.0","2.0.0-beta2 2.0.0-beta3"
"OPENJPA-1627","2.0.0-beta3","2.0.0","2.1.0","2.0.0-beta3"
"OPENJPA-1683","2.0.0-beta2","2.0.1","2.1.0","2.0.0-beta2 2.0.0-beta3 2.0.0 2.0.1 1.0.4"
"OPENJPA-1890","2.0.1","2.1.0","2.1.0","2.0.1"
"OPENJPA-1818","2.0.0","2.1.0","2.1.0","2.0.0"
"OPENJPA-1804","2.0.1","2.1.0","2.1.0","2.0.1"
"OPENJPA-1662","2.0.0-beta2","2.0.1","2.1.0","2.0.0-beta2 2.0.0-beta3 2.0.0 2.0.1 1.0.4"
"OPENJPA-1648","2.0.0-beta2","2.0.1","2.1.0","2.0.0-beta2 2.0.0-beta3 2.0.0 2.0.1 1.0.4"
"OPENJPA-1814","1.2.2","2.1.0","2.1.0","1.2.2 2.1.0"
"OPENJPA-1905","1.2.0","2.1.0","2.1.0","1.2.0 1.2.1 1.2.2 2.0.0 2.0.1"
"OPENJPA-1923","2.0.0","2.1.0","2.1.0","2.0.0 2.0.1 1.0.4"
"OPENJPA-1911","1.0.4","2.1.0","2.1.0","1.0.4 1.2.2 2.0.1 2.1.0 2.2.0"
"OPENJPA-1912","2.0.0","2.1.0","2.1.0","2.0.0 2.0.1 2.1.0"
"OPENJPA-940","1.2.0","1.2.1","2.1.0","1.2.0 2.0.0-M2"
"OPENJPA-1943","2.0.1","2.1.0","2.1.0","2.0.1 2.1.0 2.2.0"
"OPENJPA-1939","1.2.2","2.1.0","2.1.1","1.2.2 2.0.1 2.1.0"
"OPENJPA-1951","2.0.1","2.1.1","2.1.1","2.0.1"
"OPENJPA-382","0.9.0","1.0.1","2.1.1","0.9.0 0.9.6 0.9.7 1.0.0 1.0.1 1.0.2 1.1.0 1.0.3 1.2.0 2.0.0-M1 1.2.1 2.0.0-M2 2.0.0-M3 1.2.2 2.0.0-beta 2.0.0-beta2 2.0.0-beta3 2.0.0 2.0.1 1.0.4 2.1.0"
"OPENJPA-1957","1.2.2","2.1.1","2.1.1","1.2.2 2.0.1 2.1.0"
"OPENJPA-1958","1.2.2","2.1.1","2.1.1","1.2.2 2.0.1 2.1.0 2.2.0"
"OPENJPA-1959","1.2.2","2.1.1","2.1.1","1.2.2 2.0.1 2.1.0 2.2.0"
"OPENJPA-1376","1.2.1","1.2.2","2.1.1","1.2.1 2.0.0-M3 2.1.0"
"OPENJPA-1787","2.0.1","2.1.0","2.1.1","2.0.1 2.1.0 2.2.0"
"OPENJPA-1928","1.2.1","2.1.0","2.1.1","1.2.1 2.0.1"
"OPENJPA-1960","2.1.0","2.1.1","2.1.1","2.1.0 2.2.0"
"OPENJPA-1944","1.2.2","2.1.0","2.1.1","1.2.2 2.1.0"
"OPENJPA-1665","2.0.0","2.0.1","2.1.1","2.0.0"
"OPENJPA-1965","2.0.0","2.1.1","2.1.1","2.0.0 2.1.0 2.2.0"
"OPENJPA-1970","1.1.0","2.1.1","2.1.1","1.1.0"
"OPENJPA-1899","2.0.0","2.1.0","2.1.1","2.0.0"
"OPENJPA-1974","2.1.0","2.1.1","2.1.1","2.1.0 2.2.0"
"OPENJPA-1969","2.1.0","2.1.1","2.1.1","2.1.0 2.1.1 2.2.0"
"OPENJPA-1968","2.1.0","2.1.1","2.1.1","2.1.0 2.1.1 2.2.0"
"OPENJPA-1975","2.0.1","2.1.1","2.1.1","2.0.1 2.1.0"
"OPENJPA-1981","2.1.0","2.1.1","2.1.1","2.1.0"
"OPENJPA-1710","2.0.0","2.0.1","2.1.1","2.0.0"
"OPENJPA-1984","2.1.0","2.1.1","2.1.1","2.1.0 2.1.1 2.2.0"
"OPENJPA-1986","2.0.1","2.1.1","2.1.1","2.0.1 2.1.0 2.2.0"
"OPENJPA-1985","2.1.0","2.1.1","2.1.1","2.1.0"
"OPENJPA-1657","2.0.0-beta","2.0.1","2.1.1","2.0.0-beta 2.0.0-beta2 2.0.0-beta3 2.0.0 2.0.1 1.0.4 2.1.0"
"OPENJPA-1994","2.0.1","2.1.1","2.1.1","2.0.1 1.0.4 2.1.0"
"OPENJPA-1992","2.1.0","2.1.1","2.1.1","2.1.0"
"OPENJPA-1995","2.0.1","2.1.1","2.1.1","2.0.1 1.0.4 2.1.0"
"OPENJPA-1989","2.1.0","2.1.1","2.1.1","2.1.0 2.2.0"
"OPENJPA-1725","1.2.2","2.0.1","2.1.1","1.2.2 2.0.0 2.1.0"
"OPENJPA-1845","2.0.1","2.1.0","2.1.1","2.0.1"
"OPENJPA-2005","2.1.0","2.1.1","2.1.1","2.1.0"
"OPENJPA-2007","2.0.0","2.1.1","2.1.1","2.0.0 2.0.1 2.1.0 2.2.0"
"OPENJPA-2013","2.1.0","2.1.1","2.1.1","2.1.0"
"OPENJPA-2015","1.2.2","2.1.1","2.1.1","1.2.2 1.2.3"
"OPENJPA-1768","2.0.0","2.0.1","2.1.1","2.0.0 2.1.0"
"OPENJPA-2027","2.1.0","2.1.1","2.1.1","2.1.0"
"OPENJPA-2025","2.1.0","2.1.1","2.1.1","2.1.0"
"OPENJPA-1996","2.1.0","2.1.1","2.1.1","2.1.0"
"OPENJPA-2000","2.1.0","2.1.1","2.1.1","2.1.0"
"OPENJPA-2034","2.1.0","2.1.1","2.1.1","2.1.0"
"OPENJPA-1691","1.2.2","2.0.1","2.2.0","1.2.2 2.0.0 2.0.1"
"OPENJPA-2010","2.0.1","2.1.1","2.2.0","2.0.1 2.1.0"
"OPENJPA-2011","2.0.1","2.1.1","2.2.0","2.0.1 2.1.0"
"OPENJPA-2036","2.1.0","2.2.0","2.2.0","2.1.0"
"OPENJPA-2008","2.1.0","2.1.1","2.2.0","2.1.0"
"OPENJPA-2038","2.1.1","2.2.0","2.2.0","2.1.1"
"OPENJPA-2039","2.1.1","2.2.0","2.2.0","2.1.1 2.2.0"
"OPENJPA-867","1.2.0","2.0.0-M1","2.2.0","1.2.0 2.0.0-M2"
"OPENJPA-2045","2.1.0","2.2.0","2.2.0","2.1.0 2.2.0"
"OPENJPA-1746","1.2.2","2.0.1","2.2.0","1.2.2"
"OPENJPA-1686","2.0.0-M3","2.0.1","2.2.0","2.0.0-M3 1.2.2 2.0.0-beta 2.0.0-beta2 2.0.0-beta3 2.0.0 2.0.1 1.0.4 2.1.0 2.1.1"
"OPENJPA-1650","2.0.0-M3","2.0.1","2.2.0","2.0.0-M3 1.2.2 2.0.0-beta 2.0.0-beta2 2.0.0-beta3 2.0.0 2.0.1 1.0.4 2.1.0 2.1.1"
"OPENJPA-677","1.1.0","1.2.0","2.2.0","1.1.0 1.2.0 1.2.1"
"OPENJPA-2056","2.0.0","2.2.0","2.2.0","2.0.0 2.0.1 2.1.1"
"OPENJPA-2065","2.1.0","2.2.0","2.2.0","2.1.0 2.1.1 2.2.0"
"OPENJPA-2066","1.1.0","2.2.0","2.2.0","1.1.0 2.1.1 2.2.0"
"OPENJPA-2088","1.0.4","2.2.0","2.2.0","1.0.4 2.1.0 2.1.1"
"OPENJPA-1873","2.0.0","2.1.0","2.2.0","2.0.0 2.0.1"
"OPENJPA-1651","2.0.0-M3","2.0.1","2.2.0","2.0.0-M3 1.2.2 2.0.0-beta 2.0.0-beta2 2.0.0-beta3 2.0.0 2.0.1 1.0.4 2.1.0 2.1.1"
"OPENJPA-2097","2.1.1","2.2.0","2.2.0","2.1.1"
"OPENJPA-2083","2.1.1","2.2.0","2.2.0","2.1.1"
"OPENJPA-2101","2.1.1","2.2.0","2.2.0","2.1.1 2.2.0"
"OPENJPA-2112","2.1.1","2.2.0","2.2.0","2.1.1"
"OPENJPA-2044","2.0.1","2.2.0","2.2.0","2.0.1 2.1.1 2.2.0"
"OPENJPA-2006","1.2.2","2.1.1","2.2.0","1.2.2 2.1.0 2.2.0"
"OPENJPA-1903","2.0.1","2.1.0","2.2.0","2.0.1"
"OPENJPA-1901","2.0.0","2.1.0","2.2.0","2.0.0 2.0.1"
"OPENJPA-2124","2.0.0","2.2.0","2.2.0","2.0.0 2.0.1 2.1.0 2.3.0"
"OPENJPA-2136","2.0.0","2.2.1","2.2.1","2.0.0 2.1.1 2.2.0 2.3.0"
"OPENJPA-2145","2.2.0","2.2.1","2.2.1","2.2.0 2.2.1 2.3.0"
"OPENJPA-2154","2.2.0","2.2.1","2.2.1","2.2.0 2.3.0"
"OPENJPA-2153","2.2.0","2.2.1","2.2.1","2.2.0 2.3.0"
"OPENJPA-2156","2.2.0","2.2.1","2.2.1","2.2.0 2.3.0"
"OPENJPA-2158","2.1.1","2.2.1","2.2.1","2.1.1 2.2.0 2.3.0"
"OPENJPA-2053","2.0.0","2.2.0","2.2.1","2.0.0"
"OPENJPA-2163","2.0.1","2.2.1","2.2.1","2.0.1 2.2.1 2.3.0"
"OPENJPA-2131","2.1.1","2.2.0","2.2.1","2.1.1"
"OPENJPA-2110","1.2.2","2.2.0","2.2.1","1.2.2 2.1.1"
"OPENJPA-2170","2.2.0","2.2.1","2.2.1","2.2.0 2.3.0"
"OPENJPA-2178","2.2.0","2.2.1","2.2.1","2.2.0"
"OPENJPA-2161","2.2.0","2.2.1","2.2.1","2.2.0 2.3.0"
"OPENJPA-2146","2.0.0","2.2.1","2.2.1","2.0.0 2.0.1 2.1.0 2.1.1 2.2.0 2.2.1"
"OPENJPA-2133","2.1.1","2.2.0","2.2.1","2.1.1"
"OPENJPA-2187","2.2.0","2.2.1","2.2.1","2.2.0"
"OPENJPA-2191","2.0.0","2.2.1","2.2.1","2.0.0 2.1.0 2.2.0 2.3.0"
"OPENJPA-2197","2.2.0","2.2.1","2.2.1","2.2.0"
"OPENJPA-2118","2.0.0","2.2.0","2.2.1","2.0.0 2.1.0 2.2.0"
"OPENJPA-2174","2.1.0","2.2.1","2.2.1","2.1.0 2.2.0"
"OPENJPA-2102","2.0.1","2.2.0","2.2.1","2.0.1 2.2.0"
"OPENJPA-2072","1.2.1","2.2.0","2.2.1","1.2.1 1.2.2 1.2.3"
"OPENJPA-2051","2.0.0","2.2.0","2.2.1","2.0.0 2.1.1 2.2.0"
"OPENJPA-2107","2.0.1","2.2.0","2.2.1","2.0.1 2.1.0 2.2.0"
"OPENJPA-2212","1.0.3","2.2.1","2.2.1","1.0.3"
"OPENJPA-2215","2.2.0","2.2.1","2.2.1","2.2.0"
"OPENJPA-2228","2.2.0","2.2.1","2.2.1","2.2.0 2.3.0"
"OPENJPA-2238","2.2.0","2.2.1","2.2.1","2.2.0 2.3.0"
"OPENJPA-2196","2.2.0","2.2.1","2.2.1","2.2.0"
"OPENJPA-2199","2.0.0","2.2.1","2.2.1","2.0.0 2.1.0 2.2.0 2.3.0"
"OPENJPA-2229","2.2.0","2.2.1","2.2.1","2.2.0 2.2.1 2.3.0"
"OPENJPA-428","1.0.0","1.0.1","2.2.1","1.0.0"
"OPENJPA-2227","2.0.0","2.2.1","2.2.1","2.0.0 2.1.0 2.2.0"
"OPENJPA-2149","2.0.1","2.2.1","2.2.1","2.0.1 2.1.1"
"OPENJPA-2257","2.1.0","2.2.1","2.2.1","2.1.0 2.1.1 2.2.0"
"OPENJPA-2255","2.1.1","2.2.1","2.2.1","2.1.1"
"OPENJPA-2261","2.1.0","2.2.1","2.2.1","2.1.0 2.1.1 2.2.0"
"OPENJPA-2260","2.1.0","2.2.1","2.2.1","2.1.0 2.1.1 2.2.0"
"OPENJPA-2267","2.2.0","2.2.1","2.2.1","2.2.0 2.3.0"
"OPENJPA-2271","2.1.0","2.2.1","2.2.1","2.1.0 2.1.1 2.2.0"
"OPENJPA-2269","2.2.0","2.2.1","2.2.1","2.2.0 2.3.0"
"OPENJPA-2132","2.0.1","2.2.0","2.2.1","2.0.1 2.1.1 2.2.0"
"OPENJPA-2247","2.0.1","2.2.1","2.2.1","2.0.1 2.2.1 2.3.0"
"OPENJPA-2234","2.0.1","2.2.1","2.2.1","2.0.1"
"OPENJPA-2288","2.1.1","2.2.1","1.2.3","2.1.1 2.2.0"
"OPENJPA-2306","2.1.1","1.2.3","1.2.3","2.1.1 2.2.0 2.2.1"
"OPENJPA-2308","2.1.0","1.2.3","1.2.3","2.1.0 2.1.1 2.2.0"
"OPENJPA-2307","2.1.1","1.2.3","1.2.3","2.1.1 2.2.0 2.2.1"
"OPENJPA-2321","2.1.1","1.2.3","1.2.3","2.1.1 2.2.0 2.2.1"
"OPENJPA-2320","2.1.1","1.2.3","1.2.3","2.1.1 2.2.0 2.2.1"
"OPENJPA-2304","2.1.1","1.2.3","1.2.3","2.1.1 2.2.0 2.2.1"
"OPENJPA-2328","2.1.1","1.2.3","1.2.3","2.1.1 2.2.0 2.2.1"
"OPENJPA-2339","2.2.0","1.2.3","1.2.3","2.2.0 2.2.1"
"OPENJPA-2357","2.2.0","1.2.3","1.2.3","2.2.0 2.2.1"
"OPENJPA-2355","2.1.1","1.2.3","1.2.3","2.1.1 2.2.0 2.2.1"
"OPENJPA-2336","2.1.1","1.2.3","1.2.3","2.1.1 2.2.0 2.2.1"
"OPENJPA-1979","2.0.0-M1","2.1.1","1.2.3","2.0.0-M1 2.0.0"
"OPENJPA-1160","0.9.0","2.0.0-M3","1.2.3","0.9.0 0.9.6 0.9.7 1.0.0 1.0.1 1.0.2 1.1.0 1.0.3 1.2.0 2.0.0-M1 1.2.1 2.0.0-M2 2.0.0-M3 1.2.2 2.0.0-beta 2.0.0-beta2 2.0.0-beta3 2.0.0 2.0.1 1.0.4 2.1.0 2.1.1 2.2.0 2.2.1"
"OPENJPA-2298","2.2.0","1.2.3","1.2.3","2.2.0 2.3.0"
"OPENJPA-2289","2.0.1","2.2.1","1.2.3","2.0.1 2.1.1 2.2.0 2.3.0"
"OPENJPA-2284","2.0.1","2.2.1","1.2.3","2.0.1 2.2.1 2.3.0"
"OPENJPA-2244","2.0.1","2.2.1","1.2.3","2.0.1 2.1.1 2.2.0"
"OPENJPA-2240","2.2.0","2.2.1","1.2.3","2.2.0 2.2.1 2.3.0"
"OPENJPA-2235","2.1.1","2.2.1","1.2.3","2.1.1 2.2.0 2.3.0"
"OPENJPA-1569","1.2.2","2.0.0-beta3","1.2.3","1.2.2 2.0.0-beta2"
"OPENJPA-1226","0.9.0","2.0.0-M3","1.2.3","0.9.0 0.9.6 0.9.7 1.0.0 1.0.1 1.0.2 1.1.0 1.0.3 1.2.0 2.0.0-M1 1.2.1 2.0.0-M2 2.0.0-M3 1.2.2 2.0.0-beta 2.0.0-beta2 2.0.0-beta3 2.0.0 2.0.1 1.0.4 2.1.0 2.1.1 2.2.0 2.2.1"
"OPENJPA-828","0.9.0","2.0.0-M1","1.2.3","0.9.0 0.9.6 0.9.7 1.0.0 1.0.1 1.0.2 1.1.0 1.0.3 1.2.0 2.0.0-M1 1.2.1 2.0.0-M2 2.0.0-M3 1.2.2 2.0.0-beta 2.0.0-beta2 2.0.0-beta3 2.0.0 2.0.1 1.0.4 2.1.0 2.1.1 2.2.0 2.2.1"
"OPENJPA-1583","1.0.1","2.0.0-beta3","1.2.3","1.0.1 1.0.2 1.1.0 1.0.3 1.2.0 2.0.0-M1 1.2.1 2.0.0-M2 2.0.0-M3 1.2.2 2.0.0-beta 2.0.0-beta2 2.0.0-beta3 2.0.0 2.0.1 1.0.4 2.1.0 2.1.1 2.2.0 2.2.1"
"OPENJPA-1644","1.2.2","2.0.1","1.2.3","1.2.2 2.0.0"
"OPENJPA-2172","2.2.0","2.2.1","1.2.3","2.2.0 2.2.1 2.3.0"
"OPENJPA-2377","2.2.1","2.3.0","2.3.0","2.2.1 1.2.3 2.2.2"
"OPENJPA-2384","2.2.1","2.3.0","2.3.0","2.2.1 1.2.3 2.2.2"
"OPENJPA-2390","2.2.1","2.3.0","2.3.0","2.2.1"
"OPENJPA-2391","2.2.1","2.3.0","2.3.0","2.2.1 1.2.3 2.2.2"
"OPENJPA-2405","2.2.1","2.3.0","2.3.0","2.2.1 1.2.3 2.2.2"
"OPENJPA-696","1.0.0","2.0.0-M1","2.3.0","1.0.0 1.0.1 1.0.2 1.0.3 1.1.0 1.2.0"
"OPENJPA-2195","2.0.0","2.2.1","2.3.0","2.0.0 2.0.1 2.1.0 2.1.1 2.2.0"
"OPENJPA-2421","2.2.2","2.3.0","2.3.0","2.2.2 2.3.0"
"OPENJPA-2318","2.1.1","1.2.3","2.3.0","2.1.1"
"OPENJPA-1980","2.1.0","2.1.1","2.3.0","2.1.0"
"OPENJPA-2432","2.2.1","2.3.0","2.3.0","2.2.1 1.2.3 2.2.2"
"OPENJPA-2400","2.2.1","2.3.0","2.3.0","2.2.1 1.2.3 2.2.2"
"OPENJPA-2343","2.2.1","1.2.3","2.3.0","2.2.1 2.3.0"
"OPENJPA-1794","2.0.0","2.1.0","2.3.0","2.0.0"
"OPENJPA-1954","1.2.2","2.1.1","2.3.0","1.2.2 2.0.0 2.1.0 2.2.0"
"OPENJPA-2221","2.1.0","2.2.1","2.3.0","2.1.0"
"OPENJPA-2409","2.2.2","2.3.0","2.3.0","2.2.2"
"OPENJPA-2435","2.1.0","2.3.0","2.3.0","2.1.0 2.2.2 2.3.0"
"OPENJPA-1819","2.0.1","2.1.0","2.3.0","2.0.1"
"OPENJPA-2018","2.1.0","2.1.1","2.3.0","2.1.0"
"OPENJPA-1983","2.1.0","2.1.1","2.3.0","2.1.0 2.2.0"
"OPENJPA-2437","2.2.1","2.3.0","2.3.0","2.2.1 1.2.3 2.2.2"
"OPENJPA-2253","2.2.0","2.2.1","2.3.0","2.2.0 2.3.0"
"OPENJPA-2180","2.2.0","2.2.1","2.3.0","2.2.0"
"OPENJPA-2330","2.2.0","1.2.3","2.3.0","2.2.0 2.2.1"
"OPENJPA-2423","2.1.1","2.3.0","2.3.0","2.1.1 2.2.2 2.3.0"
"OPENJPA-2335","2.1.1","1.2.3","2.3.0","2.1.1 2.2.0 2.2.1 1.2.3 2.2.2"
"OPENJPA-2456","2.2.1","2.3.0","2.3.0","2.2.1 1.2.3 2.2.2"
"OPENJPA-2094","2.0.0-beta","2.2.0","2.4.0","2.0.0-beta 2.0.0-beta2 2.0.0-beta3 2.0.0 2.0.1 1.0.4 2.1.0 2.1.1 2.2.0 2.2.1 1.2.3 2.2.2 2.3.0"
"OPENJPA-2233","2.0.1","2.2.1","2.4.0","2.0.1 2.1.0 2.2.0 2.3.0"
"OPENJPA-2463","2.0.1","2.4.0","2.4.0","2.0.1 2.2.2"
"OPENJPA-2467","2.2.2","2.4.0","2.4.0","2.2.2"
"OPENJPA-2374","2.2.1","2.3.0","2.4.0","2.2.1 2.3.0"
"OPENJPA-2369","2.2.1","1.2.3","2.4.0","2.2.1"
"OPENJPA-2055","2.1.0","2.2.0","2.4.0","2.1.0"
"OPENJPA-1702","1.2.0","2.0.1","2.4.0","1.2.0 2.0.0"
"OPENJPA-2022","2.1.0","2.1.1","2.4.0","2.1.0 2.1.1 2.2.0"
"OPENJPA-2475","2.1.1","2.4.0","2.4.0","2.1.1 2.2.2 2.3.0 2.4.0"
"OPENJPA-2476","2.1.0","2.4.0","2.4.0","2.1.0 2.2.0 2.3.0 2.4.0"
"OPENJPA-2478","2.2.2","2.4.0","2.4.0","2.2.2 2.3.0 2.4.0"
"OPENJPA-2480","1.2.3","2.4.0","2.4.0","1.2.3 2.2.2 2.3.0"
"OPENJPA-2482","2.1.1","2.4.0","2.4.0","2.1.1 2.2.2 2.3.0 2.4.0"
"OPENJPA-2506","2.0.1","2.4.0","2.4.0","2.0.1 2.1.1 2.2.2 2.3.0 2.4.0"
"OPENJPA-2515","2.3.0","2.4.0","2.4.0","2.3.0 2.4.0"
"OPENJPA-2507","2.2.0","2.4.0","2.4.0","2.2.0 2.3.0 2.4.0"
"OPENJPA-2508","2.2.2","2.4.0","2.4.0","2.2.2 2.3.0 2.4.0"
"OPENJPA-2502","2.2.1","2.4.0","2.4.0","2.2.1 2.2.2 2.3.0 2.4.0"
"OPENJPA-2494","2.3.0","2.4.0","2.4.0","2.3.0 2.4.0"
"OPENJPA-2505","2.1.0","2.4.0","2.4.0","2.1.0 2.2.2 2.3.0 2.4.0"
"OPENJPA-2525","2.2.2","2.4.0","2.4.0","2.2.2"
"OPENJPA-2381","2.2.2","2.3.0","2.4.0","2.2.2"
"OPENJPA-2542","2.3.0","2.4.0","2.4.0","2.3.0 2.4.0"
"OPENJPA-2548","1.2.3","2.4.0","2.4.0","1.2.3 2.2.2 2.3.0"
"OPENJPA-2534","2.3.0","2.4.0","2.4.0","2.3.0 2.4.0"
"OPENJPA-2547","2.2.2","2.4.0","2.4.0","2.2.2 2.3.0 2.4.0"
"OPENJPA-2536","2.3.0","2.4.0","2.4.0","2.3.0 2.4.0"
"OPENJPA-2533","2.2.2","2.4.0","2.4.0","2.2.2 2.3.0 2.4.0"
"OPENJPA-2557","2.2.2","2.4.0","2.4.0","2.2.2 2.3.0 2.4.0"
"OPENJPA-2573","1.2.3","2.4.0","2.4.0","1.2.3 2.2.2 2.3.0"
"OPENJPA-1590","2.0.0-M3","2.0.0-beta3","2.4.0","2.0.0-M3 2.1.1 2.2.0"
"OPENJPA-2551","2.2.1","2.4.0","2.4.0","2.2.1 2.2.2 2.3.0"
"OPENJPA-2287","2.2.0","2.2.1","2.4.0","2.2.0"
"OPENJPA-2576","2.3.0","2.4.0","2.4.0","2.3.0"
"OPENJPA-2582","2.4.0","2.4.1","2.4.1","2.4.0"
"OPENJPA-2596","2.4.0","2.4.1","2.4.1","2.4.0"
"OPENJPA-2597","2.2.2","2.4.1","2.4.1","2.2.2 2.3.0 2.4.0"
"OPENJPA-2600","2.4.0","2.4.1","2.4.1","2.4.0"
"OPENJPA-2601","2.3.0","2.4.1","2.4.1","2.3.0 2.4.0"
"OPENJPA-2539","2.1.0","2.4.0","2.4.1","2.1.0"
"OPENJPA-922","1.2.0","1.2.1","2.4.1","1.2.0 2.0.0-M2"
"OPENJPA-2341","2.2.0","1.2.3","2.4.1","2.2.0"
"OPENJPA-2586","2.2.2","2.4.1","2.4.1","2.2.2 2.4.1"
"OPENJPA-2517","2.2.0","2.4.0","2.4.1","2.2.0 2.2.1 2.2.2 2.3.0"
"OPENJPA-2470","2.0.1","2.4.0","2.4.1","2.0.1 2.1.1 2.2.2"
"OPENJPA-2609","2.4.0","2.4.1","2.4.1","2.4.0"
"OPENJPA-2605","2.2.2","2.4.1","2.4.1","2.2.2 2.4.0"
"OPENJPA-2617","2.4.0","2.4.1","2.4.1","2.4.0"
"OPENJPA-2472","2.2.2","2.4.0","2.4.1","2.2.2 2.3.0"
"OPENJPA-2626","2.4.0","2.4.1","2.4.1","2.4.0"
"OPENJPA-2616","1.0.0","2.4.1","2.4.1","1.0.0 1.0.1 1.0.2 1.0.3 1.0.4 1.1.0 1.2.0 1.2.1 1.2.2 1.2.3 2.0.0 2.0.1 2.1.0 2.1.1 2.2.0 2.2.1 2.2.2 2.3.0 2.4.0"
"OPENJPA-2632","2.4.1","2.4.2","2.4.2","2.4.1"
"OPENJPA-2638","2.2.2","2.4.2","2.4.2","2.2.2"
"OPENJPA-2640","2.4.1","2.4.2","2.4.2","2.4.1"
"OPENJPA-2651","2.2.2","2.4.2","2.4.2","2.2.2 2.3.0 2.4.1"
"OPENJPA-2650","2.3.0","2.4.2","2.4.2","2.3.0 2.4.2"
"OPENJPA-2245","2.2.0","2.2.1","2.4.2","2.2.0 2.3.0"
"OPENJPA-2658","2.4.1","2.4.2","2.4.2","2.4.1"
"OPENJPA-2300","2.2.1","1.2.3","2.4.2","2.2.1"
"OPENJPA-2286","2.2.0","2.2.1","2.4.2","2.2.0"
"OPENJPA-2628","1.2.3","2.4.1","2.4.2","1.2.3 2.3.0"
"OPENJPA-2675","2.4.1","2.4.2","2.4.2","2.4.1"
"OPENJPA-2674","2.4.1","2.4.2","2.4.2","2.4.1"
"OPENJPA-2672","2.4.1","2.4.2","2.4.2","2.4.1"
"OPENJPA-2676","2.4.1","2.4.2","2.4.2","2.4.1"
"OPENJPA-2684","2.3.0","2.4.2","2.4.2","2.3.0 2.4.1"
"OPENJPA-2689","2.4.2","3.0.0","3.0.0","2.4.2 3.0.0"
"OPENJPA-2698","2.2.2","3.0.0","3.0.0","2.2.2"
"OPENJPA-2705","2.1.1","3.0.0","3.0.0","2.1.1"
"OPENJPA-2725","2.4.2","3.0.0","3.0.0","2.4.2"
"OPENJPA-2646","2.4.1","2.4.2","3.0.0","2.4.1"
"OPENJPA-2690","2.4.2","3.0.0","3.0.0","2.4.2"
"OPENJPA-2691","2.4.2","3.0.0","3.0.0","2.4.2"
"OPENJPA-2742","3.0.0","3.1.0","3.1.0","3.0.0"
"OPENJPA-2704","2.2.2","3.0.0","3.1.0","2.2.2"
"OPENJPA-1993","1.0.0","2.1.1","3.1.0","1.0.0 1.0.1 1.0.2 1.0.3 1.0.4 1.2.0 1.2.1 1.2.2 2.0.0 2.0.1 2.1.0"
"OPENJPA-2746","2.4.1","3.1.0","3.1.0","2.4.1 2.4.2 3.0.0"
"OPENJPA-2567","2.3.0","2.4.0","3.1.0","2.3.0"
"OPENJPA-2756","3.0.0","3.1.0","3.1.0","3.0.0"
"OPENJPA-2757","3.0.0","3.1.0","3.1.0","3.0.0"
"OPENJPA-2764","3.0.0","3.1.0","3.1.0","3.0.0"
"OPENJPA-2768","3.0.0","3.1.0","3.1.0","3.0.0"
"OPENJPA-2761","2.2.1","3.1.0","3.1.0","2.2.1 3.0.0"
"OPENJPA-2770","2.4.2","3.1.0","3.1.0","2.4.2 3.0.0"
"OPENJPA-2771","3.0.0","3.1.0","3.1.0","3.0.0"
"OPENJPA-2772","3.0.0","3.1.0","3.1.0","3.0.0"
"OPENJPA-2733","2.4.2","3.0.0","3.1.0","2.4.2"
"OPENJPA-2777","3.0.0","3.1.0","3.1.0","3.0.0"
"OPENJPA-2645","1.1.0","2.4.2","3.1.0","1.1.0 1.2.3 2.0.1 2.2.2 2.3.0"
"OPENJPA-2780","2.4.2","3.1.0","3.1.0","2.4.2 3.0.0"
"OPENJPA-2781","2.4.1","3.1.0","3.1.0","2.4.1 2.4.2 3.0.0"
"OPENJPA-2673","2.2.2","2.4.2","3.1.0","2.2.2 2.3.0 2.4.0 2.4.1 2.4.2 3.0.0"
"OPENJPA-2555","2.2.2","2.4.0","3.1.0","2.2.2 2.3.0"
"OPENJPA-2791","2.4.2","3.1.1","3.1.1","2.4.2 3.0.0 3.1.0"
"OPENJPA-2743","2.4.2","3.1.0","3.1.1","2.4.2"
"OPENJPA-2799","3.1.0","3.1.1","3.1.1","3.1.0"
"OPENJPA-2802","3.1.0","3.1.1","3.1.1","3.1.0"
"OPENJPA-2810","3.1.1","3.1.2","3.1.2","3.1.1"
"OPENJPA-2807","3.1.1","3.1.2","3.1.2","3.1.1"
"OPENJPA-2821","3.1.2","3.2.0","3.2.0","3.1.2"
"OPENJPA-2795","3.1.0","3.1.1","3.2.0","3.1.0"
"OPENJPA-2827","3.1.0","3.2.0","3.2.0","3.1.0 3.1.1 3.1.2"
"OPENJPA-2829","3.1.0","3.2.0","3.2.0","3.1.0 3.1.1 3.1.2"
"OPENJPA-2830","3.1.0","3.2.0","3.2.0","3.1.0 3.1.1 3.1.2"
"OPENJPA-2828","3.1.2","3.2.0","3.2.0","3.1.2"
"OPENJPA-2834","3.1.1","3.2.0","3.2.0","3.1.1"
"OPENJPA-2832","3.1.0","3.2.0","3.2.0","3.1.0 3.1.1 3.1.2"
"OPENJPA-2843","3.1.2","3.2.0","3.2.0","3.1.2"
"OPENJPA-2842","3.1.2","3.2.0","3.2.0","3.1.2"
"OPENJPA-2788","3.1.0","3.1.1","3.2.0","3.1.0"
"OPENJPA-2846","3.1.2","3.2.0","3.2.0","3.1.2"
"OPENJPA-2848","3.1.2","3.2.0","3.2.0","3.1.2"
"OPENJPA-2849","3.1.2","3.2.0","3.2.0","3.1.2"
"OPENJPA-2850","3.1.2","3.2.0","3.2.0","3.1.2"
"OPENJPA-2854","3.1.2","3.2.0","3.2.0","3.1.2"
"OPENJPA-2851","3.1.2","3.2.0","3.2.0","3.1.2"
"OPENJPA-2856","3.1.2","3.2.0","3.2.0","3.1.2"
"OPENJPA-2857","3.1.2","3.2.0","3.2.0","3.1.2"
"OPENJPA-2858","3.1.2","3.2.0","3.2.0","3.1.2"
"OPENJPA-345","0.9.0","1.0.1","3.2.0","0.9.0 0.9.6 0.9.7 1.0.0"
"OPENJPA-2859","3.1.2","3.2.0","3.2.0","3.1.2"
"OPENJPA-2648","2.4.1","2.4.2","3.2.0","2.4.1"
"OPENJPA-2860","3.1.2","3.2.0","3.2.0","3.1.2"
"OPENJPA-2862","3.1.2","3.2.0","3.2.0","3.1.2"
"OPENJPA-2861","3.1.2","3.2.0","3.2.0","3.1.2"
"OPENJPA-2731","2.2.2","3.0.0","3.2.0","2.2.2"
"OPENJPA-2864","3.1.2","3.2.0","3.2.0","3.1.2"
"OPENJPA-2863","3.1.2","3.2.0","3.2.0","3.1.2"
"OPENJPA-2866","3.1.2","3.2.0","3.2.0","3.1.2"
"OPENJPA-2865","3.1.2","3.2.0","3.2.0","3.1.2"
"OPENJPA-2789","2.4.2","3.1.1","3.2.0","2.4.2 3.0.0 3.1.0 3.1.1 3.1.2"
"OPENJPA-2876","3.0.0","3.2.1","3.2.1","3.0.0"
"OPENJPA-2614","2.4.0","2.4.1","3.2.1","2.4.0"
"OPENJPA-2882","3.1.1","3.2.1","3.2.1","3.1.1 3.1.2 3.2.0"
"OPENJPA-2883","3.2.0","3.2.1","3.2.1","3.2.0"
"OPENJPA-2877","3.1.1","3.2.1","3.2.1","3.1.1 3.1.2 3.2.0"
"OPENJPA-2891","3.2.0","3.2.1","3.2.1","3.2.0"
"OPENJPA-2889","3.2.0","3.2.1","3.2.1","3.2.0"
"OPENJPA-2896","3.1.1","3.2.1","3.2.1","3.1.1 3.1.2 3.2.0"
"OPENJPA-2009","0.9.0","2.1.1","4.0.0","0.9.0 0.9.6 0.9.7 1.0.0 1.0.1 1.0.2 1.1.0 1.0.3 1.2.0 2.0.0-M1 1.2.1 2.0.0-M2 2.0.0-M3 1.2.2 2.0.0-beta 2.0.0-beta2 2.0.0-beta3 2.0.0 2.0.1 1.0.4 2.1.0 2.1.1 2.2.0 2.2.1 1.2.3 2.2.2 2.3.0 2.4.0 2.4.1 2.4.2 3.0.0 3.1.0 3.1.1 3.1.2 3.2.0 3.2.1 3.2.2"
"OPENJPA-2907","3.2.2","4.0.0","4.0.0","3.2.2"
"OPENJPA-2915","3.2.2","4.0.0","4.0.0","3.2.2"
"OPENJPA-2918","3.2.0","4.0.0","4.0.0","3.2.0 3.2.1 3.2.2"
"OPENJPA-2921","4.0.0","4.0.1","4.0.1","4.0.0"
"OPENJPA-2923","4.0.0","4.0.1","4.0.1","4.0.0"
"OPENJPA-2928","4.0.1","4.1.0","4.1.0","4.0.1"
"OPENJPA-2932","4.0.1","4.1.0","4.1.0","4.0.1"
"OPENJPA-2933","4.0.1","4.1.0","4.1.0","4.0.1"
"OPENJPA-2930","4.0.1","4.1.0","4.1.0","4.0.1"
"OPENJPA-2898","3.2.1","3.2.2","4.1.0","3.2.1 3.2.2"
"OPENJPA-2925","3.2.2","4.0.1","4.1.1","3.2.2 4.0.0"
"OPENJPA-2936","4.0.1","4.1.1","4.1.1","4.0.1 4.1.0"
